{
	"description": "项目配置文件。",
	"setting": {
		"urlCheck": false,
		"es6": true,
		"enhance": true,
		"postcss": false,
		"preloadBackgroundData": false,
		"minified": true,
		"newFeature": true,
		"coverView": true,
		"nodeModules": false,
		"autoAudits": false,
		"showShadowRootInWxmlPanel": true,
		"scopeDataCheck": false,
		"checkInvalidKey": true,
		"checkSiteMap": true,
		"uploadWithSourceMap": true,
		"babelSetting": {
			"ignore": [],
			"disablePlugins": [],
			"outputPath": ""
		},
		"useIsolateContext": true,
		"useCompilerModule": false,
		"userConfirmedUseCompilerModuleSwitch": false,
		"compileHotReLoad": false
	},
	"compileType": "miniprogram",
	"libVersion": "2.10.4",
	"appid": "wxa46b09d413fbcaff",
	"projectname": "%E5%A4%A9%E4%BD%BF%E7%AB%A5%E8%A3%85",
	"scripts": {},
	"simulatorType": "wechat",
	"simulatorPluginLibVersion": {},
	"condition": {
		"search": {
			"current": -1,
			"list": []
		},
		"conversation": {
			"current": -1,
			"list": []
		},
		"plugin": {
			"current": -1,
			"list": []
		},
		"game": {
			"current": -1,
			"list": []
		},
		"gamePlugin": {
			"current": -1,
			"list": []
		},
		"miniprogram": {
			"current": 7,
			"list": [
				{
					"id": -1,
					"name": "home",
					"pathName": "pages/index/index",
					"query": "",
					"scene": null
				},
				{
					"id": -1,
					"name": "商品详情页面",
					"pathName": "pages/goods-details/index",
					"query": "id=134&inviter_id=456",
					"scene": 1011
				},
				{
					"id": -1,
					"name": "商品详情页面",
					"pathName": "pages/goods-details/index",
					"query": "id= 6761",
					"scene": null
				},
				{
					"id": -1,
					"name": "砍价详情页面",
					"pathName": "pages/goods-details/index",
					"query": "id=6765",
					"scene": null
				},
				{
					"id": -1,
					"name": "砍价详情页面",
					"pathName": "pages/goods-details/index",
					"query": "id=6765&kjJoinUid=701677",
					"scene": null
				},
				{
					"id": -1,
					"name": "拼团",
					"pathName": "pages/goods-details/index",
					"query": "id=6761",
					"scene": null
				},
				{
					"id": -1,
					"name": "生成海报",
					"pathName": "pages/goods-details/poster",
					"query": "goodsid=6761",
					"scene": null
				},
				{
					"id": -1,
					"name": "分销中心",
					"pathName": "pages/fx/apply-status",
					"query": "",
					"scene": null
				},
				{
					"id": -1,
					"name": "notice",
					"pathName": "pages/notice/index",
					"scene": null
				}
			]
		}
	}
}